id,card_name,number,marketplace,matched,min,max,avg,sample_title,sample_price
302,McLaren F1 Team Car,11,EBAY_US,1,1.06,1.06,1.06,2025 TOPPS TURBO ATTAX CARD LOT -[FOIL & BASE CARDS]- COMPLETE YOUR  SET (1-216),1.06 USD
302,McLaren F1 Team Car,11,EBAY_AU,2,1,1.5,1.25,Topps F1 Turbo Attax 2025 Base Cards | Select A Card | Numbers # 1 To 171,1.00 AUD
303,Andrea Stella,12,EBAY_US,0,,,,,
303,Andrea Stella,12,EBAY_AU,1,1,1,1.00,Topps F1 Turbo Attax 2025 Base Cards | Select A Card | Numbers # 1 To 171,1.00 AUD
304,Lando Norris,13,EBAY_US,0,,,,,
304,Lando Norris,13,EBAY_AU,0,,,,,
306,Lando Norris Oscar Piastri,15,EBAY_US,0,,,,,
306,Lando Norris Oscar Piastri,15,EBAY_AU,1,1.99,1.99,1.99,Topps F1 Turbo Attax 2025 Base Cards | Select A Card | Numbers # 1 To 171,1.99 AUD
307,Oscar Piastri,16,EBAY_US,0,,,,,
307,Oscar Piastri,16,EBAY_AU,0,,,,,
309,Norris Stella Piastri,18,EBAY_US,0,,,,,
309,Norris Stella Piastri,18,EBAY_AU,0,,,,,
311,Scuderia Ferrari HP Team Car,20,EBAY_US,0,,,,,
311,Scuderia Ferrari HP Team Car,20,EBAY_AU,0,,,,,
312,Frederic Vasseur,21,EBAY_US,0,,,,,
312,Frederic Vasseur,21,EBAY_AU,0,,,,,
313,Charles Leclerc,22,EBAY_US,0,,,,,
313,Charles Leclerc,22,EBAY_AU,0,,,,,
315,Charles Leclerc Lewis Hamilton,24,EBAY_US,0,,,,,
315,Charles Leclerc Lewis Hamilton,24,EBAY_AU,0,,,,,
316,Lewis Hamilton,25,EBAY_US,0,,,,,
316,Lewis Hamilton,25,EBAY_AU,0,,,,,
318,Leclerc Vasseur Hamilton,27,EBAY_US,0,,,,,
318,Leclerc Vasseur Hamilton,27,EBAY_AU,0,,,,,
320,Oracle Red Bull Racing Team Car,29,EBAY_US,0,,,,,
320,Oracle Red Bull Racing Team Car,29,EBAY_AU,0,,,,,
321,Christian Horner,30,EBAY_US,0,,,,,
321,Christian Horner,30,EBAY_AU,1,1,1,1.00,Topps F1 Turbo Attax 2025 Base Cards | Select A Card | Numbers # 1 To 171,1.00 AUD
322,Max Verstappen,31,EBAY_US,0,,,,,
322,Max Verstappen,31,EBAY_AU,0,,,,,
324,Max Verstappen Yuki Tsunoda,33,EBAY_US,0,,,,,
324,Max Verstappen Yuki Tsunoda,33,EBAY_AU,0,,,,,
327,Verstappen Horner Tsunoda,36,EBAY_US,0,,,,,
327,Verstappen Horner Tsunoda,36,EBAY_AU,1,1,1,1.00,Topps F1 Turbo Attax 2025 Base Cards | Select A Card | Numbers # 1 To 171,1.00 AUD
329,Mercedes AMG Team Car,38,EBAY_US,1,1.06,1.06,1.06,2025 TOPPS TURBO ATTAX CARD LOT -[FOIL & BASE CARDS]- COMPLETE YOUR  SET (1-216),1.06 USD
329,Mercedes AMG Team Car,38,EBAY_AU,1,1.5,1.5,1.50,2025 TOPPS TURBO ATTAX CARD LOT -[FOIL & BASE CARDS]- COMPLETE YOUR  SET (1-216),1.50 AUD
330,Toto Wolff,39,EBAY_US,1,0.79,0.79,0.79,Topps Formula 1 Turbo Attax 2025 Base Card No. 1 to 204 YOU PICK FROM LIST,0.79 USD
330,Toto Wolff,39,EBAY_AU,1,1.23,1.23,1.23,Topps Formula 1 Turbo Attax 2025 Base Card No. 1 to 204 YOU PICK FROM LIST,1.23 AUD
331,George Russell,40,EBAY_US,1,1.36,1.36,1.36,Topps Formula 1 Turbo Attax 2025 Base Card No. 1 to 204 YOU PICK FROM LIST,1.36 USD
331,George Russell,40,EBAY_AU,1,2.13,2.13,2.13,Topps Formula 1 Turbo Attax 2025 Base Card No. 1 to 204 YOU PICK FROM LIST,2.13 AUD
333,George Russell Kimi Antonelli,42,EBAY_US,0,,,,,
333,George Russell Kimi Antonelli,42,EBAY_AU,0,,,,,
334,Kimi Antonelli,43,EBAY_US,2,1.06,3.05,2.05,Topps Formula 1 Turbo Attax 2025 Base Card No. 1 to 204 YOU PICK FROM LIST,3.05 USD
334,Kimi Antonelli,43,EBAY_AU,2,1.5,4.76,3.13,2025 TOPPS TURBO ATTAX CARD LOT -[FOIL & BASE CARDS]- COMPLETE YOUR  SET (1-216),1.50 AUD
336,Russell Wolff Antonelli,45,EBAY_US,0,,,,,
336,Russell Wolff Antonelli,45,EBAY_AU,0,,,,,
338,Aston Martin Team Car,47,EBAY_US,1,1.06,1.06,1.06,2025 TOPPS TURBO ATTAX CARD LOT -[FOIL & BASE CARDS]- COMPLETE YOUR  SET (1-216),1.06 USD
338,Aston Martin Team Car,47,EBAY_AU,2,1,1.5,1.25,Topps F1 Turbo Attax 2025 Base Cards | Select A Card | Numbers # 1 To 171,1.00 AUD
339,Andy Cowell,48,EBAY_US,0,,,,,
339,Andy Cowell,48,EBAY_AU,1,1,1,1.00,Topps F1 Turbo Attax 2025 Base Cards | Select A Card | Numbers # 1 To 171,1.00 AUD
340,Fernando Alonso,49,EBAY_US,1,0.97,0.97,0.97,Topps Formula 1 Turbo Attax 2025 Base Card No. 1 to 204 YOU PICK FROM LIST,0.97 USD
340,Fernando Alonso,49,EBAY_AU,1,1.52,1.52,1.52,Topps Formula 1 Turbo Attax 2025 Base Card No. 1 to 204 YOU PICK FROM LIST,1.52 AUD
342,Fernando Alonso Lance Stroll,51,EBAY_US,0,,,,,
342,Fernando Alonso Lance Stroll,51,EBAY_AU,0,,,,,
343,Lance Stroll,52,EBAY_US,1,0.97,0.97,0.97,Topps Formula 1 Turbo Attax 2025 Base Card No. 1 to 204 YOU PICK FROM LIST,0.97 USD
343,Lance Stroll,52,EBAY_AU,1,1.52,1.52,1.52,Topps Formula 1 Turbo Attax 2025 Base Card No. 1 to 204 YOU PICK FROM LIST,1.52 AUD
345,Alonso Cowell Stroll,54,EBAY_US,0,,,,,
345,Alonso Cowell Stroll,54,EBAY_AU,0,,,,,
347,BWT Alpine Team Car,56,EBAY_US,1,1.06,1.06,1.06,2025 TOPPS TURBO ATTAX CARD LOT -[FOIL & BASE CARDS]- COMPLETE YOUR  SET (1-216),1.06 USD
347,BWT Alpine Team Car,56,EBAY_AU,2,1,1.5,1.25,Topps F1 Turbo Attax 2025 Base Cards | Select A Card | Numbers # 1 To 171,1.00 AUD
348,Oliver Oakes,57,EBAY_US,1,1.06,1.06,1.06,2025 TOPPS TURBO ATTAX CARD LOT -[FOIL & BASE CARDS]- COMPLETE YOUR  SET (1-216),1.06 USD
348,Oliver Oakes,57,EBAY_AU,1,1.5,1.5,1.50,2025 TOPPS TURBO ATTAX CARD LOT -[FOIL & BASE CARDS]- COMPLETE YOUR  SET (1-216),1.50 AUD
349,Pierre Gasly,58,EBAY_US,2,0.79,1.06,0.93,Topps Formula 1 Turbo Attax 2025 Base Card No. 1 to 204 YOU PICK FROM LIST,0.79 USD
349,Pierre Gasly,58,EBAY_AU,2,1.23,1.5,1.36,2025 TOPPS TURBO ATTAX CARD LOT -[FOIL & BASE CARDS]- COMPLETE YOUR  SET (1-216),1.50 AUD
351,Pierre Gasly Jack Doohan,60,EBAY_US,0,,,,,
351,Pierre Gasly Jack Doohan,60,EBAY_AU,0,,,,,
352,Jack Doohan,61,EBAY_US,2,0.79,1.06,0.93,Topps Formula 1 Turbo Attax 2025 Base Card No. 1 to 204 YOU PICK FROM LIST,0.79 USD
352,Jack Doohan,61,EBAY_AU,2,1.23,1.5,1.36,2025 TOPPS TURBO ATTAX CARD LOT -[FOIL & BASE CARDS]- COMPLETE YOUR  SET (1-216),1.50 AUD
354,Gasly Oakes Doohan,63,EBAY_US,0,,,,,
354,Gasly Oakes Doohan,63,EBAY_AU,0,,,,,
356,Moneygram Haas Team Car,65,EBAY_US,2,0.79,1.06,0.93,Topps Formula 1 Turbo Attax 2025 Base Card No. 1 to 204 YOU PICK FROM LIST,0.79 USD
356,Moneygram Haas Team Car,65,EBAY_AU,3,1,1.5,1.24,Topps F1 Turbo Attax 2025 Base Cards | Select A Card | Numbers # 1 To 171,1.00 AUD
357,Ayao Komatsu,66,EBAY_US,2,0.79,1.06,0.93,Topps Formula 1 Turbo Attax 2025 Base Card No. 1 to 204 YOU PICK FROM LIST,0.79 USD
357,Ayao Komatsu,66,EBAY_AU,2,1.23,1.5,1.36,2025 TOPPS TURBO ATTAX CARD LOT -[FOIL & BASE CARDS]- COMPLETE YOUR  SET (1-216),1.50 AUD
358,Esteban Ocon,67,EBAY_US,3,0.79,1.87,1.24,Esteban Ocon #67 Haas F1 Team - 2025 Topps Turbo Attax Formula 1 F1 Hero Card NM,1.87 USD
358,Esteban Ocon,67,EBAY_AU,3,1.23,2.92,1.88,2025 TOPPS TURBO ATTAX CARD LOT -[FOIL & BASE CARDS]- COMPLETE YOUR  SET (1-216),1.50 AUD
360,Esteban Ocon Oliver Bearman,69,EBAY_US,0,,,,,
360,Esteban Ocon Oliver Bearman,69,EBAY_AU,0,,,,,
361,Oliver Bearman,70,EBAY_US,3,0.97,2.87,1.63,Oliver Bearman #70 Haas F1 Team - 2025 Topps Turbo Attax Formula 1 F1 Hero Card,2.87 USD
361,Oliver Bearman,70,EBAY_AU,3,1.5,4.48,2.50,2025 TOPPS TURBO ATTAX CARD LOT -[FOIL & BASE CARDS]- COMPLETE YOUR  SET (1-216),1.50 AUD
363,Ocon Komatsu Bearman,72,EBAY_US,0,,,,,
363,Ocon Komatsu Bearman,72,EBAY_AU,1,1,1,1.00,Topps F1 Turbo Attax 2025 Base Cards | Select A Card | Numbers # 1 To 171,1.00 AUD
365,VCARB Team Car,74,EBAY_US,0,,,,,
365,VCARB Team Car,74,EBAY_AU,1,1,1,1.00,Topps F1 Turbo Attax 2025 Base Cards | Select A Card | Numbers # 1 To 171,1.00 AUD
366,Laurent Mekies,75,EBAY_US,0,,,,,
366,Laurent Mekies,75,EBAY_AU,0,,,,,
367,Liam Lawson,76,EBAY_US,1,0.97,0.97,0.97,Topps Formula 1 Turbo Attax 2025 Base Card No. 1 to 204 YOU PICK FROM LIST,0.97 USD
367,Liam Lawson,76,EBAY_AU,1,1.52,1.52,1.52,Topps Formula 1 Turbo Attax 2025 Base Card No. 1 to 204 YOU PICK FROM LIST,1.52 AUD
369,Liam Lawson Isack Hadjar,78,EBAY_US,0,,,,,
369,Liam Lawson Isack Hadjar,78,EBAY_AU,0,,,,,
370,Isack Hadjar,79,EBAY_US,1,0.79,0.79,0.79,Topps Formula 1 Turbo Attax 2025 Base Card No. 1 to 204 YOU PICK FROM LIST,0.79 USD
370,Isack Hadjar,79,EBAY_AU,1,1.23,1.23,1.23,Topps Formula 1 Turbo Attax 2025 Base Card No. 1 to 204 YOU PICK FROM LIST,1.23 AUD
372,Lawson Mekies Hadjar,81,EBAY_US,0,,,,,
372,Lawson Mekies Hadjar,81,EBAY_AU,1,1,1,1.00,Topps F1 Turbo Attax 2025 Base Cards | Select A Card | Numbers # 1 To 171,1.00 AUD
374,Williams Racing Team Car,83,EBAY_US,0,,,,,
374,Williams Racing Team Car,83,EBAY_AU,1,1,1,1.00,Topps F1 Turbo Attax 2025 Base Cards | Select A Card | Numbers # 1 To 171,1.00 AUD
375,James Vowels,84,EBAY_US,0,,,,,
375,James Vowels,84,EBAY_AU,0,,,,,
376,Carlos Sainz,85,EBAY_US,0,,,,,
376,Carlos Sainz,85,EBAY_AU,0,,,,,
378,Carlos Sainz Alex Albon,87,EBAY_US,0,,,,,
378,Carlos Sainz Alex Albon,87,EBAY_AU,0,,,,,
379,Alex Albon,88,EBAY_US,0,,,,,
379,Alex Albon,88,EBAY_AU,0,,,,,
381,Sainz Vowels Albon,90,EBAY_US,0,,,,,
381,Sainz Vowels Albon,90,EBAY_AU,1,1,1,1.00,Topps F1 Turbo Attax 2025 Base Cards | Select A Card | Numbers # 1 To 171,1.00 AUD
383,Kick Sauber Team Car,92,EBAY_US,2,0.79,1.06,0.93,Topps Formula 1 Turbo Attax 2025 Base Card No. 1 to 204 YOU PICK FROM LIST,0.79 USD
383,Kick Sauber Team Car,92,EBAY_AU,2,1.23,1.5,1.36,2025 TOPPS TURBO ATTAX CARD LOT -[FOIL & BASE CARDS]- COMPLETE YOUR  SET (1-216),1.50 AUD
384,Jonathan Wheatley,93,EBAY_US,1,0.79,0.79,0.79,Topps Formula 1 Turbo Attax 2025 Base Card No. 1 to 204 YOU PICK FROM LIST,0.79 USD
384,Jonathan Wheatley,93,EBAY_AU,2,1,1.23,1.11,Topps F1 Turbo Attax 2025 Base Cards | Select A Card | Numbers # 1 To 171,1.00 AUD
385,Nico Hulkenberg,94,EBAY_US,1,0.79,0.79,0.79,Topps Formula 1 Turbo Attax 2025 Base Card No. 1 to 204 YOU PICK FROM LIST,0.79 USD
385,Nico Hulkenberg,94,EBAY_AU,1,1.23,1.23,1.23,Topps Formula 1 Turbo Attax 2025 Base Card No. 1 to 204 YOU PICK FROM LIST,1.23 AUD
387,Nico Hulkenberg Gabriel Bortoleto,96,EBAY_US,0,,,,,
387,Nico Hulkenberg Gabriel Bortoleto,96,EBAY_AU,0,,,,,
388,Gabriel Bortoleto,97,EBAY_US,2,1.06,1.36,1.21,Topps Formula 1 Turbo Attax 2025 Base Card No. 1 to 204 YOU PICK FROM LIST,1.36 USD
388,Gabriel Bortoleto,97,EBAY_AU,2,1.5,2.13,1.81,2025 TOPPS TURBO ATTAX CARD LOT -[FOIL & BASE CARDS]- COMPLETE YOUR  SET (1-216),1.50 AUD
390,Hulkenberg Wheatley Bortoleto,99,EBAY_US,0,,,,,
390,Hulkenberg Wheatley Bortoleto,99,EBAY_AU,0,,,,,