card_number,card_name,set_name,manufacturer,year,card_category,sport_type,insert_list,quantity
1,Rainmaster,F1 Turbo Attax 2025,Topps,2025,sport,Formula 1,Strategy Card,0
2,DRS,F1 Turbo Attax 2025,Topps,2025,sport,Formula 1,Strategy Card,0
3,Fast Pit Stop,F1 Turbo Attax 2025,Topps,2025,sport,Formula 1,Strategy Card,0
4,Overtake Block,F1 Turbo Attax 2025,Topps,2025,sport,Formula 1,Strategy Card,0
5,Agent,F1 Turbo Attax 2025,Topps,2025,sport,Formula 1,Strategy Card,0
6,Safety Car,F1 Turbo Attax 2025,Topps,2025,sport,Formula 1,Strategy Card,0
7,Out Of Fuel,F1 Turbo Attax 2025,Topps,2025,sport,Formula 1,Strategy Card,0
8,Black & White Flag,F1 Turbo Attax 2025,Topps,2025,sport,Formula 1,Strategy Card,0
9,Race Collision,F1 Turbo Attax 2025,Topps,2025,sport,Formula 1,Strategy Card,0
10,McLaren F1 Team Logo,F1 Turbo Attax 2025,Topps,2025,sport,Formula 1,Team Cards,0
11,McLaren F1 Team Car,F1 Turbo Attax 2025,Topps,2025,sport,Formula 1,Team Cards,0
12,Andrea Stella,F1 Turbo Attax 2025,Topps,2025,sport,Formula 1,Team Cards,0
13,Lando Norris,F1 Turbo Attax 2025,Topps,2025,sport,Formula 1,Team Cards,0
14,Lando Norris (Signature Style),F1 Turbo Attax 2025,Topps,2025,sport,Formula 1,Team Cards,0
15,Lando Norris & Oscar Piastri,F1 Turbo Attax 2025,Topps,2025,sport,Formula 1,Team Cards,0
16,Oscar Piastri,F1 Turbo Attax 2025,Topps,2025,sport,Formula 1,Team Cards,0
17,Oscar Piastri (Signature Style),F1 Turbo Attax 2025,Topps,2025,sport,Formula 1,Team Cards,0
18,"Norris, Stella & Piastri",F1 Turbo Attax 2025,Topps,2025,sport,Formula 1,Team Cards,0
19,Scuderia Ferrari HP Team Logo,F1 Turbo Attax 2025,Topps,2025,sport,Formula 1,Team Cards,0
20,Scuderia Ferrari HP Team Car,F1 Turbo Attax 2025,Topps,2025,sport,Formula 1,Team Cards,0
21,Frederic Vasseur,F1 Turbo Attax 2025,Topps,2025,sport,Formula 1,Team Cards,0
22,Charles Leclerc,F1 Turbo Attax 2025,Topps,2025,sport,Formula 1,Team Cards,0
23,Charles Leclerc (Signature Style),F1 Turbo Attax 2025,Topps,2025,sport,Formula 1,Team Cards,0
24,Charles Leclerc & Lewis Hamilton,F1 Turbo Attax 2025,Topps,2025,sport,Formula 1,Team Cards,0
25,Lewis Hamilton,F1 Turbo Attax 2025,Topps,2025,sport,Formula 1,Team Cards,0
26,Lewis Hamilton (Signature Style),F1 Turbo Attax 2025,Topps,2025,sport,Formula 1,Team Cards,0
27,"Leclerc, Vasseur & Hamilton",F1 Turbo Attax 2025,Topps,2025,sport,Formula 1,Team Cards,0
28,Oracle Red Bull Racing Team Logo,F1 Turbo Attax 2025,Topps,2025,sport,Formula 1,Team Cards,0
29,Oracle Red Bull Racing Team Car,F1 Turbo Attax 2025,Topps,2025,sport,Formula 1,Team Cards,0
30,Christian Horner,F1 Turbo Attax 2025,Topps,2025,sport,Formula 1,Team Cards,0
31,Max Verstappen,F1 Turbo Attax 2025,Topps,2025,sport,Formula 1,Team Cards,0
32,Max Verstappen (Signature Style),F1 Turbo Attax 2025,Topps,2025,sport,Formula 1,Team Cards,0
33,Max Verstappen & Yuki Tsunoda,F1 Turbo Attax 2025,Topps,2025,sport,Formula 1,Team Cards,0
34,Yuki Tsunoda,F1 Turbo Attax 2025,Topps,2025,sport,Formula 1,Team Cards,0
35,Yuki Tsunoda (Signature Style),F1 Turbo Attax 2025,Topps,2025,sport,Formula 1,Team Cards,0
36,"Verstappen, Horner & Tsunoda",F1 Turbo Attax 2025,Topps,2025,sport,Formula 1,Team Cards,0
37,Mercedes AMG Team Logo,F1 Turbo Attax 2025,Topps,2025,sport,Formula 1,Team Cards,0
38,Mercedes AMG Team Car,F1 Turbo Attax 2025,Topps,2025,sport,Formula 1,Team Cards,0
39,Toto Wolff,F1 Turbo Attax 2025,Topps,2025,sport,Formula 1,Team Cards,0
40,George Russell,F1 Turbo Attax 2025,Topps,2025,sport,Formula 1,Team Cards,0
41,George Russell (Signature Style),F1 Turbo Attax 2025,Topps,2025,sport,Formula 1,Team Cards,0
42,George Russell & Kimi Antonelli,F1 Turbo Attax 2025,Topps,2025,sport,Formula 1,Team Cards,0
43,Kimi Antonelli,F1 Turbo Attax 2025,Topps,2025,sport,Formula 1,Team Cards,0
44,Kimi Antonelli (Signature Style),F1 Turbo Attax 2025,Topps,2025,sport,Formula 1,Team Cards,0
45,"Russell, Wolff & Antonelli",F1 Turbo Attax 2025,Topps,2025,sport,Formula 1,Team Cards,0
46,Aston Martin Team Logo,F1 Turbo Attax 2025,Topps,2025,sport,Formula 1,Team Cards,0
47,Aston Martin Team Car,F1 Turbo Attax 2025,Topps,2025,sport,Formula 1,Team Cards,0
48,Andy Cowell,F1 Turbo Attax 2025,Topps,2025,sport,Formula 1,Team Cards,0
49,Fernando Alonso,F1 Turbo Attax 2025,Topps,2025,sport,Formula 1,Team Cards,0
50,Fernando Alonso (Signature Style),F1 Turbo Attax 2025,Topps,2025,sport,Formula 1,Team Cards,0
51,Fernando Alonso & Lance Stroll,F1 Turbo Attax 2025,Topps,2025,sport,Formula 1,Team Cards,0
52,Lance Stroll,F1 Turbo Attax 2025,Topps,2025,sport,Formula 1,Team Cards,0
53,Lance Stroll (Signature Style),F1 Turbo Attax 2025,Topps,2025,sport,Formula 1,Team Cards,0
54,"Alonso, Cowell & Stroll",F1 Turbo Attax 2025,Topps,2025,sport,Formula 1,Team Cards,0
55,BWT Alpine Team Logo,F1 Turbo Attax 2025,Topps,2025,sport,Formula 1,Team Cards,0
56,BWT Alpine Team Car,F1 Turbo Attax 2025,Topps,2025,sport,Formula 1,Team Cards,0
57,Oliver Oakes,F1 Turbo Attax 2025,Topps,2025,sport,Formula 1,Team Cards,0
58,Pierre Gasly,F1 Turbo Attax 2025,Topps,2025,sport,Formula 1,Team Cards,0
59,Pierre Gasly (Signature Style),F1 Turbo Attax 2025,Topps,2025,sport,Formula 1,Team Cards,0
60,Pierre Gasly & Jack Doohan,F1 Turbo Attax 2025,Topps,2025,sport,Formula 1,Team Cards,0
61,Jack Doohan,F1 Turbo Attax 2025,Topps,2025,sport,Formula 1,Team Cards,0
62,Jack Doohan (Signature Style),F1 Turbo Attax 2025,Topps,2025,sport,Formula 1,Team Cards,0
63,"Gasly, Oakes & Doohan",F1 Turbo Attax 2025,Topps,2025,sport,Formula 1,Team Cards,0
64,Moneygram Haas Team Logo,F1 Turbo Attax 2025,Topps,2025,sport,Formula 1,Team Cards,0
65,Moneygram Haas Team Car,F1 Turbo Attax 2025,Topps,2025,sport,Formula 1,Team Cards,0
66,Ayao Komatsu,F1 Turbo Attax 2025,Topps,2025,sport,Formula 1,Team Cards,0
67,Esteban Ocon,F1 Turbo Attax 2025,Topps,2025,sport,Formula 1,Team Cards,0
68,Esteban Ocon (Signature Style),F1 Turbo Attax 2025,Topps,2025,sport,Formula 1,Team Cards,0
69,Esteban Ocon & Oliver Bearman,F1 Turbo Attax 2025,Topps,2025,sport,Formula 1,Team Cards,0
70,Oliver Bearman,F1 Turbo Attax 2025,Topps,2025,sport,Formula 1,Team Cards,0
71,Oliver Bearman (Signature Style),F1 Turbo Attax 2025,Topps,2025,sport,Formula 1,Team Cards,0
72,"Ocon, Komatsu & Bearman",F1 Turbo Attax 2025,Topps,2025,sport,Formula 1,Team Cards,0
73,VCARB Team Logo,F1 Turbo Attax 2025,Topps,2025,sport,Formula 1,Team Cards,0
74,VCARB Team Car,F1 Turbo Attax 2025,Topps,2025,sport,Formula 1,Team Cards,0
75,Laurent Mekies,F1 Turbo Attax 2025,Topps,2025,sport,Formula 1,Team Cards,0
76,Liam Lawson,F1 Turbo Attax 2025,Topps,2025,sport,Formula 1,Team Cards,0
77,Liam Lawson (Signature Style),F1 Turbo Attax 2025,Topps,2025,sport,Formula 1,Team Cards,0
78,Liam Lawson & Isack Hadjar,F1 Turbo Attax 2025,Topps,2025,sport,Formula 1,Team Cards,0
79,Isack Hadjar,F1 Turbo Attax 2025,Topps,2025,sport,Formula 1,Team Cards,0
80,Isack Hadjar (Signature Style),F1 Turbo Attax 2025,Topps,2025,sport,Formula 1,Team Cards,0
81,"Lawson, Mekies & Hadjar",F1 Turbo Attax 2025,Topps,2025,sport,Formula 1,Team Cards,0
82,Williams Racing Team Logo,F1 Turbo Attax 2025,Topps,2025,sport,Formula 1,Team Cards,0
83,Williams Racing Team Car,F1 Turbo Attax 2025,Topps,2025,sport,Formula 1,Team Cards,0
84,James Vowels,F1 Turbo Attax 2025,Topps,2025,sport,Formula 1,Team Cards,0
85,Carlos Sainz,F1 Turbo Attax 2025,Topps,2025,sport,Formula 1,Team Cards,0
86,Carlos Sainz (Signature Style),F1 Turbo Attax 2025,Topps,2025,sport,Formula 1,Team Cards,0
87,Carlos Sainz & Alex Albon,F1 Turbo Attax 2025,Topps,2025,sport,Formula 1,Team Cards,0
88,Alex Albon,F1 Turbo Attax 2025,Topps,2025,sport,Formula 1,Team Cards,0
89,Alex Albon (Signature Style),F1 Turbo Attax 2025,Topps,2025,sport,Formula 1,Team Cards,0
90,"Sainz, Vowels & Albon",F1 Turbo Attax 2025,Topps,2025,sport,Formula 1,Team Cards,0
91,Kick Sauber Team Logo,F1 Turbo Attax 2025,Topps,2025,sport,Formula 1,Team Cards,0
92,Kick Sauber Team Car,F1 Turbo Attax 2025,Topps,2025,sport,Formula 1,Team Cards,0
93,Jonathan Wheatley,F1 Turbo Attax 2025,Topps,2025,sport,Formula 1,Team Cards,0
94,Nico Hülkenberg,F1 Turbo Attax 2025,Topps,2025,sport,Formula 1,Team Cards,0
95,Nico Hülkenberg (Signature Style),F1 Turbo Attax 2025,Topps,2025,sport,Formula 1,Team Cards,0
96,Nico Hülkenberg & Gabriel Bortoleto,F1 Turbo Attax 2025,Topps,2025,sport,Formula 1,Team Cards,0
97,Gabriel Bortoleto,F1 Turbo Attax 2025,Topps,2025,sport,Formula 1,Team Cards,0
98,Gabriel Bortoleto (Signature Style),F1 Turbo Attax 2025,Topps,2025,sport,Formula 1,Team Cards,0
99,"Hülkenberg, Wheatley & Bortoleto",F1 Turbo Attax 2025,Topps,2025,sport,Formula 1,Team Cards,0
100,Lando Norris,F1 Turbo Attax 2025,Topps,2025,sport,Formula 1,Epic Moments,0
101,Charles Leclerc,F1 Turbo Attax 2025,Topps,2025,sport,Formula 1,Epic Moments,0
102,George Russell,F1 Turbo Attax 2025,Topps,2025,sport,Formula 1,Epic Moments,0
103,Lance Stroll,F1 Turbo Attax 2025,Topps,2025,sport,Formula 1,Epic Moments,0
104,Max Verstappen,F1 Turbo Attax 2025,Topps,2025,sport,Formula 1,Epic Moments,0
105,George Russell,F1 Turbo Attax 2025,Topps,2025,sport,Formula 1,Epic Moments,0
106,Oscar Piastri,F1 Turbo Attax 2025,Topps,2025,sport,Formula 1,Epic Moments,0
107,Lando Norris,F1 Turbo Attax 2025,Topps,2025,sport,Formula 1,Epic Moments,0
108,Charles Leclerc,F1 Turbo Attax 2025,Topps,2025,sport,Formula 1,Epic Moments,0
109,Oscar Piastri,F1 Turbo Attax 2025,Topps,2025,sport,Formula 1,Epic Moments,0
110,Alex Albon,F1 Turbo Attax 2025,Topps,2025,sport,Formula 1,Epic Moments,0
111,Fernando Alonso,F1 Turbo Attax 2025,Topps,2025,sport,Formula 1,Epic Moments,0
112,Max Verstappen,F1 Turbo Attax 2025,Topps,2025,sport,Formula 1,Epic Moments,0
113,Pierre Gasly,F1 Turbo Attax 2025,Topps,2025,sport,Formula 1,Epic Moments,0
114,Pierre Gasly,F1 Turbo Attax 2025,Topps,2025,sport,Formula 1,Epic Moments,0
115,George Russell,F1 Turbo Attax 2025,Topps,2025,sport,Formula 1,Epic Moments,0
116,Max Verstappen,F1 Turbo Attax 2025,Topps,2025,sport,Formula 1,Epic Moments,0
117,Lando Norris,F1 Turbo Attax 2025,Topps,2025,sport,Formula 1,Epic Moments,0
118,Lando Norris,F1 Turbo Attax 2025,Topps,2025,sport,Formula 1,Pole Position,0
119,Charles Leclerc,F1 Turbo Attax 2025,Topps,2025,sport,Formula 1,Pole Position,0
120,Max Verstappen,F1 Turbo Attax 2025,Topps,2025,sport,Formula 1,Pole Position,0
121,George Russell,F1 Turbo Attax 2025,Topps,2025,sport,Formula 1,Pole Position,0
122,Fernando Alonso,F1 Turbo Attax 2025,Topps,2025,sport,Formula 1,Pole Position,0
123,Pierre Gasly,F1 Turbo Attax 2025,Topps,2025,sport,Formula 1,Pole Position,0
124,Oliver Bearman,F1 Turbo Attax 2025,Topps,2025,sport,Formula 1,Pole Position,0
125,Alex Albon,F1 Turbo Attax 2025,Topps,2025,sport,Formula 1,Pole Position,0
126,Nico Hulkenberg,F1 Turbo Attax 2025,Topps,2025,sport,Formula 1,Pole Position,0
127,Albert Park Circuit,F1 Turbo Attax 2025,Topps,2025,sport,Formula 1,Track Profiles,0
128,Shanghai International Circuit,F1 Turbo Attax 2025,Topps,2025,sport,Formula 1,Track Profiles,0
129,Suzuka Circuit,F1 Turbo Attax 2025,Topps,2025,sport,Formula 1,Track Profiles,0
130,Bahrain International Circuit,F1 Turbo Attax 2025,Topps,2025,sport,Formula 1,Track Profiles,0
131,Jeddah Corniche Circuit,F1 Turbo Attax 2025,Topps,2025,sport,Formula 1,Track Profiles,0
132,Miami International Autodrome,F1 Turbo Attax 2025,Topps,2025,sport,Formula 1,Track Profiles,0
133,Autodromo Enzo e Dino Ferrari,F1 Turbo Attax 2025,Topps,2025,sport,Formula 1,Track Profiles,0
134,Circuit de Barcelona-Catalunya,F1 Turbo Attax 2025,Topps,2025,sport,Formula 1,Track Profiles,0
135,Circuit Gilles-Villeneuve,F1 Turbo Attax 2025,Topps,2025,sport,Formula 1,Track Profiles,0
136,Red Bull Ring,F1 Turbo Attax 2025,Topps,2025,sport,Formula 1,Track Profiles,0
137,Silverstone Circuit,F1 Turbo Attax 2025,Topps,2025,sport,Formula 1,Track Profiles,0
138,Circuit de Spa-Francorchamps,F1 Turbo Attax 2025,Topps,2025,sport,Formula 1,Track Profiles,0
139,Hungaroring,F1 Turbo Attax 2025,Topps,2025,sport,Formula 1,Track Profiles,0
140,Circuit Zandvoort,F1 Turbo Attax 2025,Topps,2025,sport,Formula 1,Track Profiles,0
141,Autodromo Nazionale Monza,F1 Turbo Attax 2025,Topps,2025,sport,Formula 1,Track Profiles,0
142,Baku City Circuit,F1 Turbo Attax 2025,Topps,2025,sport,Formula 1,Track Profiles,0
143,Circuit of the Americas,F1 Turbo Attax 2025,Topps,2025,sport,Formula 1,Track Profiles,0
144,Autodromo José Carlos Pace,F1 Turbo Attax 2025,Topps,2025,sport,Formula 1,Track Profiles,0
145,Las Vegas Strip Circuit,F1 Turbo Attax 2025,Topps,2025,sport,Formula 1,Track Profiles,0
146,Lusail International Circuit,F1 Turbo Attax 2025,Topps,2025,sport,Formula 1,Track Profiles,0
147,Yas Marina Circuit,F1 Turbo Attax 2025,Topps,2025,sport,Formula 1,Track Profiles,0
148,Lando Norris,F1 Turbo Attax 2025,Topps,2025,sport,Formula 1,Sprint Superstars,0
149,Oscar Piastri,F1 Turbo Attax 2025,Topps,2025,sport,Formula 1,Sprint Superstars,0
150,Charles Leclerc,F1 Turbo Attax 2025,Topps,2025,sport,Formula 1,Sprint Superstars,0
151,Lewis Hamilton,F1 Turbo Attax 2025,Topps,2025,sport,Formula 1,Sprint Superstars,0
152,Max Verstappen,F1 Turbo Attax 2025,Topps,2025,sport,Formula 1,Sprint Superstars,0
153,Carlos Sainz,F1 Turbo Attax 2025,Topps,2025,sport,Formula 1,Sprint Superstars,0
154,Oscar Piastri,F1 Turbo Attax 2025,Topps,2025,sport,Formula 1,National Pride,0
155,Lewis Hamilton,F1 Turbo Attax 2025,Topps,2025,sport,Formula 1,National Pride,0
156,Yuki Tsunoda,F1 Turbo Attax 2025,Topps,2025,sport,Formula 1,National Pride,0
157,Kimi Antonelli,F1 Turbo Attax 2025,Topps,2025,sport,Formula 1,National Pride,0
158,Pierre Gasly,F1 Turbo Attax 2025,Topps,2025,sport,Formula 1,National Pride,0
159,Liam Lawson,F1 Turbo Attax 2025,Topps,2025,sport,Formula 1,National Pride,0
160,Carlos Sainz,F1 Turbo Attax 2025,Topps,2025,sport,Formula 1,National Pride,0
161,Nico Hulkenberg,F1 Turbo Attax 2025,Topps,2025,sport,Formula 1,National Pride,0
162,Gabriel Bortoleto,F1 Turbo Attax 2025,Topps,2025,sport,Formula 1,National Pride,0
163,Charles Leclerc,F1 Turbo Attax 2025,Topps,2025,sport,Formula 1,PSA,0
164,Carlos Sainz,F1 Turbo Attax 2025,Topps,2025,sport,Formula 1,PSA,0
165,Lando Norris,F1 Turbo Attax 2025,Topps,2025,sport,Formula 1,PSA,0
166,Alex Albon,F1 Turbo Attax 2025,Topps,2025,sport,Formula 1,PSA,0
167,George Russell,F1 Turbo Attax 2025,Topps,2025,sport,Formula 1,PSA,0
168,Pierre Gasly,F1 Turbo Attax 2025,Topps,2025,sport,Formula 1,PSA,0
169,Oscar Piastri,F1 Turbo Attax 2025,Topps,2025,sport,Formula 1,PSA,0
170,Nico Hulkenberg,F1 Turbo Attax 2025,Topps,2025,sport,Formula 1,PSA,0
171,Max Verstappen,F1 Turbo Attax 2025,Topps,2025,sport,Formula 1,PSA,0
172,Invicta Racing,F1 Turbo Attax 2025,Topps,2025,sport,Formula 2,F2 Teams,0
173,Leonardo Fornaroli,F1 Turbo Attax 2025,Topps,2025,sport,Formula 2,F2 Teams,0
174,Roman Staněk,F1 Turbo Attax 2025,Topps,2025,sport,Formula 2,F2 Teams,0
175,Campos Racing,F1 Turbo Attax 2025,Topps,2025,sport,Formula 2,F2 Teams,0
176,Josep María Martí,F1 Turbo Attax 2025,Topps,2025,sport,Formula 2,F2 Teams,0
177,Arvid Lindblad,F1 Turbo Attax 2025,Topps,2025,sport,Formula 2,F2 Teams,0
178,MP Motorsport,F1 Turbo Attax 2025,Topps,2025,sport,Formula 2,F2 Teams,0
179,Oliver Goethe,F1 Turbo Attax 2025,Topps,2025,sport,Formula 2,F2 Teams,0
180,Richard Verschoor,F1 Turbo Attax 2025,Topps,2025,sport,Formula 2,F2 Teams,0
181,Hitech TGR,F1 Turbo Attax 2025,Topps,2025,sport,Formula 2,F2 Teams,0
182,Luke Browning,F1 Turbo Attax 2025,Topps,2025,sport,Formula 2,F2 Teams,0
183,Dino Beganovic,F1 Turbo Attax 2025,Topps,2025,sport,Formula 2,F2 Teams,0
184,Prema Racing,F1 Turbo Attax 2025,Topps,2025,sport,Formula 2,F2 Teams,0
185,Sebastián Montoya,F1 Turbo Attax 2025,Topps,2025,sport,Formula 2,F2 Teams,0
186,Gabriele Mini,F1 Turbo Attax 2025,Topps,2025,sport,Formula 2,F2 Teams,0
187,DAMS Lucas Oil,F1 Turbo Attax 2025,Topps,2025,sport,Formula 2,F2 Teams,0
188,Jak Crawford,F1 Turbo Attax 2025,Topps,2025,sport,Formula 2,F2 Teams,0
189,Kush Maini,F1 Turbo Attax 2025,Topps,2025,sport,Formula 2,F2 Teams,0
190,ART Grand Prix,F1 Turbo Attax 2025,Topps,2025,sport,Formula 2,F2 Teams,0
191,Victor Martins,F1 Turbo Attax 2025,Topps,2025,sport,Formula 2,F2 Teams,0
192,Ritomo Miyata,F1 Turbo Attax 2025,Topps,2025,sport,Formula 2,F2 Teams,0
193,Rodin Motorsport,F1 Turbo Attax 2025,Topps,2025,sport,Formula 2,F2 Teams,0
194,Amaury Cordeel,F1 Turbo Attax 2025,Topps,2025,sport,Formula 2,F2 Teams,0
195,Alexander Dunne,F1 Turbo Attax 2025,Topps,2025,sport,Formula 2,F2 Teams,0
196,Aix Racing,F1 Turbo Attax 2025,Topps,2025,sport,Formula 2,F2 Teams,0
197,Joshua Dürksen,F1 Turbo Attax 2025,Topps,2025,sport,Formula 2,F2 Teams,0
198,Cian Shields,F1 Turbo Attax 2025,Topps,2025,sport,Formula 2,F2 Teams,0
199,Trident,F1 Turbo Attax 2025,Topps,2025,sport,Formula 2,F2 Teams,0
200,Sami Meguetounif,F1 Turbo Attax 2025,Topps,2025,sport,Formula 2,F2 Teams,0
201,Max Esterson,F1 Turbo Attax 2025,Topps,2025,sport,Formula 2,F2 Teams,0
202,Van Amersfoort Racing,F1 Turbo Attax 2025,Topps,2025,sport,Formula 2,F2 Teams,0
203,John Bennett,F1 Turbo Attax 2025,Topps,2025,sport,Formula 2,F2 Teams,0
204,Rafael Villagómez,F1 Turbo Attax 2025,Topps,2025,sport,Formula 2,F2 Teams,0
205,Jak Crawford,F1 Turbo Attax 2025,Topps,2025,sport,Formula 2,F2 Podium Perfections,0
206,Richard Verschoor,F1 Turbo Attax 2025,Topps,2025,sport,Formula 2,F2 Podium Perfections,0
207,Kush Maini,F1 Turbo Attax 2025,Topps,2025,sport,Formula 2,F2 Podium Perfections,0
208,Victor Martins,F1 Turbo Attax 2025,Topps,2025,sport,Formula 2,F2 Podium Perfections,0
209,Josep María Martí,F1 Turbo Attax 2025,Topps,2025,sport,Formula 2,F2 Podium Perfections,0
210,Joshua Dürksen,F1 Turbo Attax 2025,Topps,2025,sport,Formula 2,F2 Podium Perfections,0
211,Gabriele Mini,F1 Turbo Attax 2025,Topps,2025,sport,Formula 2,F2 Podium Perfections,0
212,Roman Staněk,F1 Turbo Attax 2025,Topps,2025,sport,Formula 2,F2 Podium Perfections,0
213,Dino Beganovic,F1 Turbo Attax 2025,Topps,2025,sport,Formula 2,F2 Podium Perfections,0
214,Leonardo Fornaroli,F1 Turbo Attax 2025,Topps,2025,sport,Formula 2,F2 Podium Perfections,0
215,Arvid Lindblad,F1 Turbo Attax 2025,Topps,2025,sport,Formula 2,F2 Podium Perfections,0
216,Luke Browning,F1 Turbo Attax 2025,Topps,2025,sport,Formula 2,F2 Podium Perfections,0
217,Prema Racing,F1 Turbo Attax 2025,Topps,2025,sport,Formula 3,F3 Teams,0
218,Trident,F1 Turbo Attax 2025,Topps,2025,sport,Formula 3,F3 Teams,0
219,ART Grand Prix,F1 Turbo Attax 2025,Topps,2025,sport,Formula 3,F3 Teams,0
220,Campos Racing,F1 Turbo Attax 2025,Topps,2025,sport,Formula 3,F3 Teams,0
221,Hitech TGR,F1 Turbo Attax 2025,Topps,2025,sport,Formula 3,F3 Teams,0
222,MP Motorsport,F1 Turbo Attax 2025,Topps,2025,sport,Formula 3,F3 Teams,0
223,Van Amersfoort Racing,F1 Turbo Attax 2025,Topps,2025,sport,Formula 3,F3 Teams,0
224,Rodin Motorsport,F1 Turbo Attax 2025,Topps,2025,sport,Formula 3,F3 Teams,0
225,Aix Racing,F1 Turbo Attax 2025,Topps,2025,sport,Formula 3,F3 Teams,0
226,Dams Lucas Oil,F1 Turbo Attax 2025,Topps,2025,sport,Formula 3,F3 Teams,0
227,Noel Leon,F1 Turbo Attax 2025,Topps,2025,sport,Formula 3,F3 Ones to Watch,0
228,Rafael Camara,F1 Turbo Attax 2025,Topps,2025,sport,Formula 3,F3 Ones to Watch,0
229,Charlie Wurz,F1 Turbo Attax 2025,Topps,2025,sport,Formula 3,F3 Ones to Watch,0
230,Laurens Van Hoepen,F1 Turbo Attax 2025,Topps,2025,sport,Formula 3,F3 Ones to Watch,0
231,Nikola Tsolov,F1 Turbo Attax 2025,Topps,2025,sport,Formula 3,F3 Ones to Watch,0
232,Martinius Stenshorne,F1 Turbo Attax 2025,Topps,2025,sport,Formula 3,F3 Ones to Watch,0
233,Bruno Del Pino,F1 Turbo Attax 2025,Topps,2025,sport,Formula 3,F3 Ones to Watch,0
234,Theophile Nael,F1 Turbo Attax 2025,Topps,2025,sport,Formula 3,F3 Ones to Watch,0
235,Callum Voisin,F1 Turbo Attax 2025,Topps,2025,sport,Formula 3,F3 Ones to Watch,0
236,Javier Sagrera,F1 Turbo Attax 2025,Topps,2025,sport,Formula 3,F3 Ones to Watch,0
237,Matias Zagazeta,F1 Turbo Attax 2025,Topps,2025,sport,Formula 3,F3 Ones to Watch,0
238,Arvid Lindblad,F1 Turbo Attax 2025,Topps,2025,sport,Formula 1,Stars of Tomorrow,0
239,Luke Browning,F1 Turbo Attax 2025,Topps,2025,sport,Formula 1,Stars of Tomorrow,0
240,Joshua Dürksen,F1 Turbo Attax 2025,Topps,2025,sport,Formula 1,Stars of Tomorrow,0
241,Tim Tramnitz,F1 Turbo Attax 2025,Topps,2025,sport,Formula 1,Stars of Tomorrow,0
242,Ugo Ugochukwu,F1 Turbo Attax 2025,Topps,2025,sport,Formula 1,Stars of Tomorrow,0
243,Louis Sharp,F1 Turbo Attax 2025,Topps,2025,sport,Formula 1,Stars of Tomorrow,0
244,Lewis Hamilton,F1 Turbo Attax 2025,Topps,2025,sport,Formula 1,Rainmaster,0
245,Max Verstappen,F1 Turbo Attax 2025,Topps,2025,sport,Formula 1,Rainmaster,0
246,George Russell,F1 Turbo Attax 2025,Topps,2025,sport,Formula 1,Rainmaster,0
247,Lance Stroll,F1 Turbo Attax 2025,Topps,2025,sport,Formula 1,Rainmaster,0
248,Pierre Gasly,F1 Turbo Attax 2025,Topps,2025,sport,Formula 1,Rainmaster,0
249,Esteban Ocon,F1 Turbo Attax 2025,Topps,2025,sport,Formula 1,Rainmaster,0
250,Oscar Piastri,F1 Turbo Attax 2025,Topps,2025,sport,Formula 1,Meme Mayhem,0
251,Charles Leclerc,F1 Turbo Attax 2025,Topps,2025,sport,Formula 1,Meme Mayhem,0
252,Fernando Alonso,F1 Turbo Attax 2025,Topps,2025,sport,Formula 1,Meme Mayhem,0
253,Pierre Gasly,F1 Turbo Attax 2025,Topps,2025,sport,Formula 1,Meme Mayhem,0
254,Esteban Ocon,F1 Turbo Attax 2025,Topps,2025,sport,Formula 1,Meme Mayhem,0
255,Carlos Sainz,F1 Turbo Attax 2025,Topps,2025,sport,Formula 1,Meme Mayhem,0
256,Kimi Antonelli,F1 Turbo Attax 2025,Topps,2025,sport,Formula 1,Rookie Rising,0
257,Jack Doohan,F1 Turbo Attax 2025,Topps,2025,sport,Formula 1,Rookie Rising,0
258,Oliver Bearman,F1 Turbo Attax 2025,Topps,2025,sport,Formula 1,Rookie Rising,0
259,Liam Lawson,F1 Turbo Attax 2025,Topps,2025,sport,Formula 1,Rookie Rising,0
260,Isack Hadjar,F1 Turbo Attax 2025,Topps,2025,sport,Formula 1,Rookie Rising,0
261,Gabriel Bortoleto,F1 Turbo Attax 2025,Topps,2025,sport,Formula 1,Rookie Rising,0
262,Sebastián Montoya,F1 Turbo Attax 2025,Topps,2025,sport,Formula 2,Rookie Rising,0
263,Alexander Dunne,F1 Turbo Attax 2025,Topps,2025,sport,Formula 2,Rookie Rising,0
264,Carlos Sainz,F1 Turbo Attax 2025,Topps,2025,sport,Formula 1,Victory Lap,0
265,Max Verstappen,F1 Turbo Attax 2025,Topps,2025,sport,Formula 1,Victory Lap,0
266,George Russell,F1 Turbo Attax 2025,Topps,2025,sport,Formula 1,Victory Lap,0
267,Lewis Hamilton,F1 Turbo Attax 2025,Topps,2025,sport,Formula 1,Victory Lap,0
268,Oscar Piastri,F1 Turbo Attax 2025,Topps,2025,sport,Formula 1,Victory Lap,0
269,Lando Norris,F1 Turbo Attax 2025,Topps,2025,sport,Formula 1,Victory Lap,0
270,Charles Leclerc,F1 Turbo Attax 2025,Topps,2025,sport,Formula 1,Victory Lap,0
271,McLaren F1 Team,F1 Turbo Attax 2025,Topps,2025,sport,Formula 1,Pit Stop Pros,0
272,Scuderia Ferrari,F1 Turbo Attax 2025,Topps,2025,sport,Formula 1,Pit Stop Pros,0
273,Oracle Red Bull Racing,F1 Turbo Attax 2025,Topps,2025,sport,Formula 1,Pit Stop Pros,0
274,Mercedes AMG,F1 Turbo Attax 2025,Topps,2025,sport,Formula 1,Pit Stop Pros,0
275,VCARB,F1 Turbo Attax 2025,Topps,2025,sport,Formula 1,Pit Stop Pros,0
276,F2 Logo,F1 Turbo Attax 2025,Topps,2025,sport,Formula 2,F2 Logo,0
277,Max Verstappen,F1 Turbo Attax 2025,Topps,2025,sport,Formula 1,Champions,0
278,Gabriel Bortoleto,F1 Turbo Attax 2025,Topps,2025,sport,Formula 2,Champions,0
279,Leonardo Fornaroli,F1 Turbo Attax 2025,Topps,2025,sport,Formula 3,Champions,0
280,Max Verstappen,F1 Turbo Attax 2025,Topps,2025,sport,Formula 1,Topps Awards,0
281,Nico Hulkenberg,F1 Turbo Attax 2025,Topps,2025,sport,Formula 1,Topps Awards,0
282,Andrea Stella,F1 Turbo Attax 2025,Topps,2025,sport,Formula 1,Topps Awards,0
283,Charles Leclerc,F1 Turbo Attax 2025,Topps,2025,sport,Formula 1,Topps Awards,0
284,Carlos Sainz,F1 Turbo Attax 2025,Topps,2025,sport,Formula 1,Topps Awards,0
285,Oliver Bearman,F1 Turbo Attax 2025,Topps,2025,sport,Formula 1,Topps Awards,0
286,Charles Leclerc,F1 Turbo Attax 2025,Topps,2025,sport,Formula 1,Topps Awards,0
287,Lewis Hamilton,F1 Turbo Attax 2025,Topps,2025,sport,Formula 1,Topps Awards,0
288,Max Verstappen,F1 Turbo Attax 2025,Topps,2025,sport,Formula 1,Topps Awards,0
289,Scuderia Ferrari,F1 Turbo Attax 2025,Topps,2025,sport,Formula 1,Constructor Kings,0
290,McLaren F1 Team,F1 Turbo Attax 2025,Topps,2025,sport,Formula 1,Constructor Kings,0
291,Williams Racing,F1 Turbo Attax 2025,Topps,2025,sport,Formula 1,Constructor Kings,0
292,Mercedes AMG,F1 Turbo Attax 2025,Topps,2025,sport,Formula 1,Constructor Kings,0
293,Oracle Red Bull Racing,F1 Turbo Attax 2025,Topps,2025,sport,Formula 1,Constructor Kings,0
294,F1 Logo - 75 Years,F1 Turbo Attax 2025,Topps,2025,sport,Formula 1,75 Years,0
295,Sir Jackie Stewart,F1 Turbo Attax 2025,Topps,2025,sport,Formula 1,Icons of the Grid,0
296,Emerson Fittipaldi,F1 Turbo Attax 2025,Topps,2025,sport,Formula 1,Icons of the Grid,0
297,James Hunt,F1 Turbo Attax 2025,Topps,2025,sport,Formula 1,Icons of the Grid,0
298,Alain Prost,F1 Turbo Attax 2025,Topps,2025,sport,Formula 1,Icons of the Grid,0
299,Nigel Mansell,F1 Turbo Attax 2025,Topps,2025,sport,Formula 1,Icons of the Grid,0
300,Gilles Villeneuve,F1 Turbo Attax 2025,Topps,2025,sport,Formula 1,Icons of the Grid,0
301,Gerhard Berger,F1 Turbo Attax 2025,Topps,2025,sport,Formula 1,Icons of the Grid,0
302,Mario Andretti,F1 Turbo Attax 2025,Topps,2025,sport,Formula 1,Icons of the Grid,0
303,Mika Hakkinen,F1 Turbo Attax 2025,Topps,2025,sport,Formula 1,Icons of the Grid,0
304,Michael Schumacher,F1 Turbo Attax 2025,Topps,2025,sport,Formula 1,Icons of the Grid,0
305,Damon Hill,F1 Turbo Attax 2025,Topps,2025,sport,Formula 1,Icons of the Grid,0
306,David Coulthard,F1 Turbo Attax 2025,Topps,2025,sport,Formula 1,Icons of the Grid,0
307,Jacques Villeneuve,F1 Turbo Attax 2025,Topps,2025,sport,Formula 1,Icons of the Grid,0
308,Juan Pablo Montoya,F1 Turbo Attax 2025,Topps,2025,sport,Formula 1,Icons of the Grid,0
309,Kimi Raikkonen,F1 Turbo Attax 2025,Topps,2025,sport,Formula 1,Icons of the Grid,0
310,Fernando Alonso,F1 Turbo Attax 2025,Topps,2025,sport,Formula 1,Icons of the Grid,0
311,Lewis Hamilton,F1 Turbo Attax 2025,Topps,2025,sport,Formula 1,Icons of the Grid,0
312,Max Verstappen,F1 Turbo Attax 2025,Topps,2025,sport,Formula 1,Icons of the Grid,0
313,Lando Norris,F1 Turbo Attax 2025,Topps,2025,sport,Formula 1,Diamond Pull,0
314,Lewis Hamilton,F1 Turbo Attax 2025,Topps,2025,sport,Formula 1,Diamond Pull,0
315,Max Verstappen,F1 Turbo Attax 2025,Topps,2025,sport,Formula 1,Diamond Pull,0
316,Yuki Tsunoda,F1 Turbo Attax 2025,Topps,2025,sport,Formula 1,Diamond Pull,0
317,Kimi Antonelli,F1 Turbo Attax 2025,Topps,2025,sport,Formula 1,Diamond Pull,0
318,Fernando Alonso,F1 Turbo Attax 2025,Topps,2025,sport,Formula 1,Diamond Pull,0
319,Lance Stroll,F1 Turbo Attax 2025,Topps,2025,sport,Formula 1,Diamond Pull,0
320,Jack Doohan,F1 Turbo Attax 2025,Topps,2025,sport,Formula 1,Diamond Pull,0
321,Esteban Ocon,F1 Turbo Attax 2025,Topps,2025,sport,Formula 1,Diamond Pull,0
322,Isack Hadjar,F1 Turbo Attax 2025,Topps,2025,sport,Formula 1,Diamond Pull,0
323,Alex Albon,F1 Turbo Attax 2025,Topps,2025,sport,Formula 1,Diamond Pull,0
324,Gabriel Bortoleto,F1 Turbo Attax 2025,Topps,2025,sport,Formula 1,Diamond Pull,0
325,Lando Norris,F1 Turbo Attax 2025,Topps,2025,sport,Formula 1,Podium Power,0
326,Oscar Piastri,F1 Turbo Attax 2025,Topps,2025,sport,Formula 1,Podium Power,0
327,Charles Leclerc,F1 Turbo Attax 2025,Topps,2025,sport,Formula 1,Podium Power,0
328,Lewis Hamilton,F1 Turbo Attax 2025,Topps,2025,sport,Formula 1,Podium Power,0
329,Max Verstappen,F1 Turbo Attax 2025,Topps,2025,sport,Formula 1,Podium Power,0
330,George Russell,F1 Turbo Attax 2025,Topps,2025,sport,Formula 1,Podium Power,0
331,Pierre Gasly,F1 Turbo Attax 2025,Topps,2025,sport,Formula 1,Podium Power,0
332,Esteban Ocon,F1 Turbo Attax 2025,Topps,2025,sport,Formula 1,Podium Power,0
333,Carlos Sainz,F1 Turbo Attax 2025,Topps,2025,sport,Formula 1,Podium Power,0
334,Lando Norris,F1 Turbo Attax 2025,Topps,2025,sport,Formula 1,Supernova,0
335,Oscar Piastri,F1 Turbo Attax 2025,Topps,2025,sport,Formula 1,Supernova,0
336,Charles Leclerc,F1 Turbo Attax 2025,Topps,2025,sport,Formula 1,Supernova,0
337,Lewis Hamilton,F1 Turbo Attax 2025,Topps,2025,sport,Formula 1,Supernova,0
338,Max Verstappen,F1 Turbo Attax 2025,Topps,2025,sport,Formula 1,Supernova,0
339,Yuki Tsunoda,F1 Turbo Attax 2025,Topps,2025,sport,Formula 1,Supernova,0
340,George Russell,F1 Turbo Attax 2025,Topps,2025,sport,Formula 1,Supernova,0
341,Kimi Antonelli,F1 Turbo Attax 2025,Topps,2025,sport,Formula 1,Supernova,0
342,Fernando Alonso,F1 Turbo Attax 2025,Topps,2025,sport,Formula 1,Supernova,0
343,Lance Stroll,F1 Turbo Attax 2025,Topps,2025,sport,Formula 1,Supernova,0
344,Pierre Gasly,F1 Turbo Attax 2025,Topps,2025,sport,Formula 1,Supernova,0
345,Jack Doohan,F1 Turbo Attax 2025,Topps,2025,sport,Formula 1,Supernova,0
346,Esteban Ocon,F1 Turbo Attax 2025,Topps,2025,sport,Formula 1,Supernova,0
347,Oliver Bearman,F1 Turbo Attax 2025,Topps,2025,sport,Formula 1,Supernova,0
348,Liam Lawson,F1 Turbo Attax 2025,Topps,2025,sport,Formula 1,Supernova,0
349,Isack Hadjar,F1 Turbo Attax 2025,Topps,2025,sport,Formula 1,Supernova,0
350,Carlos Sainz,F1 Turbo Attax 2025,Topps,2025,sport,Formula 1,Supernova,0
351,Alex Albon,F1 Turbo Attax 2025,Topps,2025,sport,Formula 1,Supernova,0
352,Nico Hulkenberg,F1 Turbo Attax 2025,Topps,2025,sport,Formula 1,Supernova,0
353,Gabriel Bortoleto,F1 Turbo Attax 2025,Topps,2025,sport,Formula 1,Supernova,0
354,Oscar Piastri,F1 Turbo Attax 2025,Topps,2025,sport,Formula 1,100 Club,0
355,Max Verstappen,F1 Turbo Attax 2025,Topps,2025,sport,Formula 1,100 Club,0
356,Mika Hakkinen,F1 Turbo Attax 2025,Topps,2025,sport,Formula 1,100 Club,0
LL1,Lando Norris,F1 Turbo Attax 2025,Topps,2025,sport,Formula 1,Lightning Lids,0
LL2,Lewis Hamilton,F1 Turbo Attax 2025,Topps,2025,sport,Formula 1,Lightning Lids,0
LL3,Max Verstappen,F1 Turbo Attax 2025,Topps,2025,sport,Formula 1,Lightning Lids,0
LL4,George Russell,F1 Turbo Attax 2025,Topps,2025,sport,Formula 1,Lightning Lids,0
LL5,Fernando Alonso,F1 Turbo Attax 2025,Topps,2025,sport,Formula 1,Lightning Lids,0
LL6,Jack Doohan,F1 Turbo Attax 2025,Topps,2025,sport,Formula 1,Lightning Lids,0
LL7,Oliver Bearman,F1 Turbo Attax 2025,Topps,2025,sport,Formula 1,Lightning Lids,0
LL8,Isack Hadjar,F1 Turbo Attax 2025,Topps,2025,sport,Formula 1,Lightning Lids,0
LL9,Alex Albon,F1 Turbo Attax 2025,Topps,2025,sport,Formula 1,Lightning Lids,0
LL10,Nico Hulkenberg,F1 Turbo Attax 2025,Topps,2025,sport,Formula 1,Lightning Lids,0
SK1,Oscar Piastri,F1 Turbo Attax 2025,Topps,2025,sport,Formula 1,Shake Down,0
SK2,Charles Leclerc,F1 Turbo Attax 2025,Topps,2025,sport,Formula 1,Shake Down,0
SK3,Yuki Tsunoda,F1 Turbo Attax 2025,Topps,2025,sport,Formula 1,Shake Down,0
SK4,Kimi Antonelli,F1 Turbo Attax 2025,Topps,2025,sport,Formula 1,Shake Down,0
SK5,Lance Stroll,F1 Turbo Attax 2025,Topps,2025,sport,Formula 1,Shake Down,0
SK6,Pierre Gasly,F1 Turbo Attax 2025,Topps,2025,sport,Formula 1,Shake Down,0
SK7,Esteban Ocon,F1 Turbo Attax 2025,Topps,2025,sport,Formula 1,Shake Down,0
SK8,Liam Lawson,F1 Turbo Attax 2025,Topps,2025,sport,Formula 1,Shake Down,0
SK9,Carlos Sainz,F1 Turbo Attax 2025,Topps,2025,sport,Formula 1,Shake Down,0
SK10,Gabriel Bortoleto,F1 Turbo Attax 2025,Topps,2025,sport,Formula 1,Shake Down,0
DM1,Lando Norris,F1 Turbo Attax 2025,Topps,2025,sport,Formula 1,Diamond Edition,0
DM2,Charles Leclerc,F1 Turbo Attax 2025,Topps,2025,sport,Formula 1,Diamond Edition,0
DM3,George Russell,F1 Turbo Attax 2025,Topps,2025,sport,Formula 1,Diamond Edition,0
DM4,Pierre Gasly,F1 Turbo Attax 2025,Topps,2025,sport,Formula 1,Diamond Edition,0
DM5,Nico Hulkenberg,F1 Turbo Attax 2025,Topps,2025,sport,Formula 1,Diamond Edition,0
LE1,Lewis Hamilton,F1 Turbo Attax 2025,Topps,2025,sport,Formula 1,Limited Edition,0
LE2,Kimi Antonelli,F1 Turbo Attax 2025,Topps,2025,sport,Formula 1,Limited Edition,0
LE3,Max Verstappen,F1 Turbo Attax 2025,Topps,2025,sport,Formula 1,Limited Edition,0
LE4,George Russell,F1 Turbo Attax 2025,Topps,2025,sport,Formula 1,Limited Edition,0
LE5,Lando Norris,F1 Turbo Attax 2025,Topps,2025,sport,Formula 1,Limited Edition,0
LE6,Yuki Tsunoda,F1 Turbo Attax 2025,Topps,2025,sport,Formula 1,Limited Edition,0
LE7,Alex Albon,F1 Turbo Attax 2025,Topps,2025,sport,Formula 1,Limited Edition,0
LE8,Fernando Alonso,F1 Turbo Attax 2025,Topps,2025,sport,Formula 1,Limited Edition,0
LE9,Liam Lawson,F1 Turbo Attax 2025,Topps,2025,sport,Formula 1,Limited Edition,0
LE10,Esteban Ocon,F1 Turbo Attax 2025,Topps,2025,sport,Formula 1,Limited Edition,0
LE11,Nico Hulkenberg,F1 Turbo Attax 2025,Topps,2025,sport,Formula 1,Limited Edition,0
LE12,Jack Doohan,F1 Turbo Attax 2025,Topps,2025,sport,Formula 1,Limited Edition,0
LE13,Gabriel Bortoleto,F1 Turbo Attax 2025,Topps,2025,sport,Formula 1,Limited Edition,0
LE14,Isack Hadjar,F1 Turbo Attax 2025,Topps,2025,sport,Formula 1,Limited Edition,0
LE15,Pierre Gasly,F1 Turbo Attax 2025,Topps,2025,sport,Formula 1,Limited Edition,0
LE16,Carlos Sainz,F1 Turbo Attax 2025,Topps,2025,sport,Formula 1,Limited Edition,0
LE17,Michael Schumacher,F1 Turbo Attax 2025,Topps,2025,sport,Formula 1,Limited Edition,0
LE18,Emerson Fittipaldi,F1 Turbo Attax 2025,Topps,2025,sport,Formula 1,Limited Edition,0
LE19,Nigel Mansell,F1 Turbo Attax 2025,Topps,2025,sport,Formula 1,Limited Edition,0
LE20,Lewis Hamilton,F1 Turbo Attax 2025,Topps,2025,sport,Formula 1,Limited Edition,0
LE21,Gerhard Berger,F1 Turbo Attax 2025,Topps,2025,sport,Formula 1,Limited Edition,0
LE22,Juan Pablo Montoya,F1 Turbo Attax 2025,Topps,2025,sport,Formula 1,Limited Edition,0
LE23,Charles Leclerc,F1 Turbo Attax 2025,Topps,2025,sport,Formula 1,Limited Edition,0
LE24,Lando Norris,F1 Turbo Attax 2025,Topps,2025,sport,Formula 1,Limited Edition,0
LE25,Lance Stroll,F1 Turbo Attax 2025,Topps,2025,sport,Formula 1,Limited Edition,0
LE26,Oscar Piastri,F1 Turbo Attax 2025,Topps,2025,sport,Formula 1,Limited Edition,0
LE27,Oliver Bearman,F1 Turbo Attax 2025,Topps,2025,sport,Formula 1,Limited Edition,0
JB1,Lewis Hamilton,F1 Turbo Attax 2025,Topps,2025,sport,Formula 1,Monster Box Exclusive,0
JB2,Yuki Tsunoda,F1 Turbo Attax 2025,Topps,2025,sport,Formula 1,Monster Box Exclusive,0
JB3,Pierre Gasly,F1 Turbo Attax 2025,Topps,2025,sport,Formula 1,Monster Box Exclusive,0
JB4,Esteban Ocon,F1 Turbo Attax 2025,Topps,2025,sport,Formula 1,Monster Box Exclusive,0
JB5,Isack Hadjar,F1 Turbo Attax 2025,Topps,2025,sport,Formula 1,Monster Box Exclusive,0
JB6,Alex Albon,F1 Turbo Attax 2025,Topps,2025,sport,Formula 1,Monster Box Exclusive,0
JB7,Kimi Antonelli,F1 Turbo Attax 2025,Topps,2025,sport,Formula 1,Monster Box Exclusive,0
JB8,Lando Norris,F1 Turbo Attax 2025,Topps,2025,sport,Formula 1,Monster Box Exclusive,0
JB9,Fernando Alonso & Lance Stroll,F1 Turbo Attax 2025,Topps,2025,sport,Formula 1,Monster Box Exclusive,0
JB10,Pierre Gasly & Jack Doohan,F1 Turbo Attax 2025,Topps,2025,sport,Formula 1,Monster Box Exclusive,0
JB11,Esteban Ocon & Oliver Bearman,F1 Turbo Attax 2025,Topps,2025,sport,Formula 1,Monster Box Exclusive,0
JB12,Nico Hülkenberg & Gabriel Bortoleto,F1 Turbo Attax 2025,Topps,2025,sport,Formula 1,Monster Box Exclusive,0
EDG1,Michael Schumacher,F1 Turbo Attax 2025,Topps,2025,sport,Formula 1,Black Edge,0
EDG2,Charles Leclerc,F1 Turbo Attax 2025,Topps,2025,sport,Formula 1,Black Edge,0
EDG3,Yuki Tsunoda,F1 Turbo Attax 2025,Topps,2025,sport,Formula 1,Black Edge,0
EDG4,George Russell,F1 Turbo Attax 2025,Topps,2025,sport,Formula 1,Black Edge,0
EDG5,Lance Stroll,F1 Turbo Attax 2025,Topps,2025,sport,Formula 1,Black Edge,0
EDG6,Pierre Gasly,F1 Turbo Attax 2025,Topps,2025,sport,Formula 1,Black Edge,0
EDG7,Oliver Bearman,F1 Turbo Attax 2025,Topps,2025,sport,Formula 1,Black Edge,0
EDG8,Liam Lawson,F1 Turbo Attax 2025,Topps,2025,sport,Formula 1,Black Edge,0
EDG9,Carlos Sainz,F1 Turbo Attax 2025,Topps,2025,sport,Formula 1,Black Edge,0
EDG10,Nico Hulkenberg,F1 Turbo Attax 2025,Topps,2025,sport,Formula 1,Black Edge,0
